{"cameraMode":{"drawMode":0,"name":"Shaded","section":"Shading Mode"},"sceneLighting":true,"audioPlay":false,"sceneViewState":{"m_AlwaysRefresh":false,"showFog":true,"showSkybox":true,"showFlares":true,"showImageEffects":true,"showParticleSystems":true,"showVisualEffectGraphs":true,"m_FxEnabled":true},"in2DMode":false,"pivot":{"x":0.3255436420440674,"y":0.440416157245636,"z":-0.038787439465522769},"rotation":{"x":0.019736310467123987,"y":0.728106677532196,"z":-0.020981943234801294,"w":0.684860348701477},"size":1.9875808954238892,"orthographic":false}